type,topic,sum,avg
title,economy,-350.89723953455234,-0.010342408616321396
title,microsoft,51.566507334165074,0.002359159453479965
title,obama,-27.604435365771593,-9.648526866749945E-4
title,palestine,-177.615144310685,-0.020085394584494515
head line,economy,-1340.1388172155698,-0.03949949355150819
head line,microsoft,-322.28267520542414,-0.014744380785315406
head line,obama,-507.62019742134584,-0.01774275419158846
head line,palestine,-393.3823800833607,-0.04448517246221426
