type,topic,sum,avg
title,economy,-350.8972395345524,-0.010342408616321398
title,microsoft,51.566507334165074,0.002359159453479965
title,obama,-27.604435365771593,-9.648526866749945E-4
title,palestine,-177.61514431068503,-0.020085394584494518
head line,economy,-1340.13881721557,-0.0394994935515082
head line,microsoft,-322.2826752054242,-0.014744380785315408
head line,obama,-507.62019742134584,-0.01774275419158846
head line,palestine,-393.38238008336066,-0.044485172462214256
